{"cameraMode":{"drawMode":0,"name":"Shaded","section":"Shading Mode"},"sceneLighting":true,"audioPlay":false,"sceneViewState":{"showFog":true,"showMaterialUpdate":false,"showSkybox":true,"showFlares":true,"showImageEffects":true,"showParticleSystems":true},"in2DMode":false,"pivot":{"x":245.7608642578125,"y":-204.26385498046876,"z":271.7153625488281},"rotation":{"x":-0.7102840542793274,"y":2.2349864536863607e-7,"z":2.481079945937381e-7,"w":-0.7039152383804321},"size":531.89404296875,"orthographic":false}